id,media,manifest,public_key,expected,actual,passed,signature_valid,hash_valid,payload_matches_manifest,manifest_matches_record,payload_matches_record,recovered_bytes_match,corrections,screenshot,log
image-short-depth1,samples/protected/image-short-depth1.png,samples/protected/image-short-depth1.png.manifest.json,keys/public/submission_public.pem,AUTHENTIC,AUTHENTIC,True,True,True,Yes,Yes,Yes,True,0,screenshots/image-short-depth1.png,logs/verification.json
image-short-depth2,samples/protected/image-short-depth2.png,samples/protected/image-short-depth2.png.manifest.json,keys/public/submission_public.pem,AUTHENTIC,AUTHENTIC,True,True,True,Yes,Yes,Yes,True,0,,logs/verification.json
image-short-depth3,samples/protected/image-short-depth3.png,samples/protected/image-short-depth3.png.manifest.json,keys/public/submission_public.pem,AUTHENTIC,AUTHENTIC,True,True,True,Yes,Yes,Yes,True,0,,logs/verification.json
image-short-depth4,samples/protected/image-short-depth4.png,samples/protected/image-short-depth4.png.manifest.json,keys/public/submission_public.pem,AUTHENTIC,AUTHENTIC,True,True,True,Yes,Yes,Yes,True,0,,logs/verification.json
image-short-depth5,samples/protected/image-short-depth5.png,samples/protected/image-short-depth5.png.manifest.json,keys/public/submission_public.pem,AUTHENTIC,AUTHENTIC,True,True,True,Yes,Yes,Yes,True,0,,logs/verification.json
image-short-depth6,samples/protected/image-short-depth6.png,samples/protected/image-short-depth6.png.manifest.json,keys/public/submission_public.pem,AUTHENTIC,AUTHENTIC,True,True,True,Yes,Yes,Yes,True,0,,logs/verification.json
image-short-depth7,samples/protected/image-short-depth7.png,samples/protected/image-short-depth7.png.manifest.json,keys/public/submission_public.pem,AUTHENTIC,AUTHENTIC,True,True,True,Yes,Yes,Yes,True,0,,logs/verification.json
image-short-depth8,samples/protected/image-short-depth8.png,samples/protected/image-short-depth8.png.manifest.json,keys/public/submission_public.pem,AUTHENTIC,AUTHENTIC,True,True,True,Yes,Yes,Yes,True,0,,logs/verification.json
image-long,samples/protected/image-long.png,samples/protected/image-long.png.manifest.json,keys/public/submission_public.pem,AUTHENTIC,AUTHENTIC,True,True,True,Yes,Yes,Yes,True,0,,logs/verification.json
image-file,samples/protected/image-file.png,samples/protected/image-file.png.manifest.json,keys/public/submission_public.pem,AUTHENTIC,AUTHENTIC,True,True,True,Yes,Yes,Yes,True,0,screenshots/image-file.png,logs/verification.json
image-encrypted,samples/protected/image-encrypted.png,samples/protected/image-encrypted.png.manifest.json,keys/public/submission_public.pem,AUTHENTIC,AUTHENTIC,True,True,True,Yes,Yes,Yes,True,0,screenshots/image-encrypted.png,logs/verification.json
image-audio-file,samples/protected/image-audio-file.png,samples/protected/image-audio-file.png.manifest.json,keys/public/submission_public.pem,AUTHENTIC,AUTHENTIC,True,True,True,Yes,Yes,Yes,True,0,screenshots/image-audio-file.png,logs/verification.json
audio-long,samples/protected/audio-long.wav,samples/protected/audio-long.wav.manifest.json,keys/public/submission_public.pem,AUTHENTIC,AUTHENTIC,True,True,True,Yes,Yes,Yes,True,0,screenshots/audio-long.png,logs/verification.json
audio-large-file,samples/protected/audio-large-file.wav,samples/protected/audio-large-file.wav.manifest.json,keys/public/submission_public.pem,AUTHENTIC,AUTHENTIC,True,True,True,Yes,Yes,Yes,True,0,,logs/verification.json
audio-robust,samples/protected/audio-robust.wav,samples/protected/audio-robust.wav.manifest.json,keys/public/submission_public.pem,AUTHENTIC,AUTHENTIC,True,True,True,Yes,Yes,Yes,True,0,,logs/verification.json
video-text,samples/protected/video-text.mkv,samples/protected/video-text.mkv.manifest.json,keys/public/submission_public.pem,AUTHENTIC,AUTHENTIC,True,True,True,Yes,Yes,Yes,True,0,screenshots/video-text.png,logs/verification.json
image-message-corrupt,samples/tampered/image-message-corrupt.png,samples/protected/image-short-depth1.png.manifest.json,keys/public/submission_public.pem,SIGNATURE_INVALID,SIGNATURE_INVALID,True,False,,Not performed,Not performed,Not performed,,0,screenshots/image-message-corrupt.png,logs/verification.json
audio-signature-corrupt,samples/tampered/audio-signature-corrupt.wav,samples/protected/audio-long.wav.manifest.json,keys/public/submission_public.pem,SIGNATURE_INVALID,SIGNATURE_INVALID,True,False,,Not performed,Not performed,Not performed,,0,screenshots/audio-signature-corrupt.png,logs/verification.json
image-outside-payload,samples/tampered/image-outside-payload.png,samples/protected/image-short-depth1.png.manifest.json,keys/public/submission_public.pem,AUTHENTIC,AUTHENTIC,True,True,True,Yes,Yes,Yes,True,0,screenshots/image-outside-payload.png,logs/verification.json
audio-repetition1-damage1,samples/tampered/audio-repetition1-damage1.wav,samples/protected/audio-long.wav.manifest.json,keys/public/submission_public.pem,SIGNATURE_INVALID,SIGNATURE_INVALID,True,False,,Not performed,Not performed,Not performed,,0,,logs/verification.json
audio-repetition3-damage1,samples/tampered/audio-repetition3-damage1.wav,samples/protected/audio-robust.wav.manifest.json,keys/public/submission_public.pem,AUTHENTIC,AUTHENTIC,True,True,True,Yes,Yes,Yes,True,1,screenshots/audio-repetition3-damage1.png,logs/verification.json
audio-repetition3-damage2,samples/tampered/audio-repetition3-damage2.wav,samples/protected/audio-robust.wav.manifest.json,keys/public/submission_public.pem,SIGNATURE_INVALID,SIGNATURE_INVALID,True,False,,Not performed,Not performed,Not performed,,0,screenshots/audio-repetition3-damage2.png,logs/verification.json
image-short-depth1-hash-mismatch,samples/protected/image-short-depth1.png,samples/tampered/image-short-depth1-hash-mismatch.manifest.json,keys/public/submission_public.pem,TAMPERED,TAMPERED,True,True,True,No,No,Yes,,0,screenshots/image-short-depth1-hash-mismatch.png,logs/verification.json
image-encrypted-hash-mismatch,samples/protected/image-encrypted.png,samples/tampered/image-encrypted-hash-mismatch.manifest.json,keys/public/submission_public.pem,TAMPERED,TAMPERED,True,True,True,No,No,Yes,,0,,logs/verification.json
audio-wrong-key,samples/protected/audio-long.wav,samples/protected/audio-long.wav.manifest.json,keys/public/unrelated_public.pem,SIGNATURE_INVALID,SIGNATURE_INVALID,True,False,,Not performed,Not performed,Not performed,,0,,logs/verification.json
audio-wrong-start,samples/protected/audio-large-file.wav,samples/protected/audio-large-file.wav.manifest.json,keys/public/submission_public.pem,PAYLOAD_MISSING / CANNOT_VERIFY / SIGNATURE_INVALID,PAYLOAD_MISSING,True,,,Not performed,Not performed,Not performed,,0,,logs/verification.json
image-wrong-passphrase,samples/protected/image-encrypted.png,samples/protected/image-encrypted.png.manifest.json,keys/public/submission_public.pem,CANNOT_VERIFY,CANNOT_VERIFY,True,True,,Not performed,Yes,Not performed,,0,,logs/verification.json
capacity-image,,,,Capacity rejection,Does not fit,True,,,,,,,,screenshots/capacity-image.png,logs/generation.json
capacity-audio,,,,Capacity rejection,Does not fit,True,,,,,,,,screenshots/capacity-audio.png,logs/generation.json
